Recipe Id,Recipe Name English,Recipe Name Local,Is Non Veg,Total Active Time,Total Passive Time,Total Steps,Warning,Extra Info
coconut_prawn_curry,Andaman Coconut Prawn Curry,Coconut Prawn Curry,True,1200,600,5,"A quintessential dish of the Andaman settler cuisine, celebrated for its authentic island flavor derived from a creamy coconut milk base and mild spices.",
macher_jhol,Bengali-Style Fish Stew,Macher Jhol,True,1380,600,6,"This light, comforting fish stew is a quintessential Bengali dish widely available in the islands, reflecting the region's significant Bengali settler population.",
foraged_tuber_meal,Foraged Tuber Meal,Wild Tuber Meal,False,3720,0,4,"A foundational carbohydrate source for all indigenous groups. The preparation is minimal, focused on making the foraged tubers edible, either by boiling or roasting.",
turtle_eggs,Boiled Sea Turtle Eggs,Turtle Eggs,True,1020,0,3,Sea turtles and their eggs were historically a vital and prized source of protein for coastal tribes like the Onge. Hunting and collection are now banned under wildlife protection laws.,
kikad_roti,Gond Leaf-Wrapped Fire-Roasted Bread,Kikad Roti,False,2100,0,4,"A unique Gond cooking method where the dough is wrapped in Camel Foot Tree leaves and roasted directly in embers, imparting a distinct smoky flavor.",
litti_chokha,Roasted Dough Balls with Mashed Vegetables,Litti Chokha,False,4320,0,6,The authentic smoky flavor is achieved by roasting the litti and vegetables over coal or cow-dung embers.,
jil_pitha,Santhal Leaf-Wrapped Meat and Rice Dough,Jil Pitha,True,4500,0,6,A quintessential Santhal festive dish. The use of Sal leaves for wrapping is essential for the authentic earthy and smoky aroma.,
handia,Tribal Fermented Rice Beer,Handia / Haria / Ili,False,-1,-1,0,Recipe Unavailable. This is a traditional fermented beverage requiring a specific herbal starter culture ('ranu'). The process is a form of traditional biotechnology and is not a standard home-cooking recipe.,
goan_fish_curry,Basic Goan Fish Curry,Xitti Kodi / Humann / Goan Fish Curry,True,2100,0,5,"A foundational Goan dish, representing the likely adaptation for tribal communities moving to the coast. This is a simple version, using a ground coconut masala.",
pork_vindaloo,Goan Pork Vindaloo,Vindaloo / Pork Vindaloo,True,7200,86400,5,"A quintessential Goan-Portuguese dish. The authentic tangy and sharp flavor comes from a long marination in a spice paste made with toddy vinegar, not potatoes.","Adapted from the Portuguese marination technique carne de vinha d'alhos, this Goan specialty was transformed by substituting palm vinegar and adding a fiery blend of local spices, becoming a uniquely Indian curry."
lapsi,Sweet Cracked Wheat Porridge,Lapsi,False,1980,0,3,"A traditional sweet dish prepared for festive occasions, noted as a specialty of the Dhodia tribe.",
paniya,Leaf-Wrapped Maize Bread,Paniya,False,2040,0,4,A cherished rustic bread. The authentic smoky flavor is imparted by wrapping the maize dough in leaves (like Aakda or Khakhra) and roasting it directly on slow-burning embers.,
rabdi_maize,Maize Porridge with Buttermilk,Rabdi,False,1740,0,4,A simple and nourishing porridge that is a staple food. Buttermilk is traditionally added after cooking to add flavor and nutrition.,
mahua_liquor,Mahua Spirit,Mahua / Mahuri,False,-1,-1,0,Recipe Unavailable. A culturally and spiritually significant fermented and distilled beverage made from the flowers of the Mahua tree. It is integral to nearly all rituals and social ceremonies.,
kheer,Rice Pudding,Kheer,False,2940,0,4,"This recipe is culturally significant for the Gujjar community's Eid celebration, prioritizing dairy over meat.",
bamboo_shoot_curry,Bamboo Shoot Curry,Karil ki Sabzi / Baimbale Kari / Kallele Saaru,False,2100,0,4,Fresh bamboo shoots must be processed (soaked or boiled) to remove bitterness before they can be cooked.,
bisi_bele_bath,Hot Lentil Rice,Bisi Bele Bath,False,3420,0,5,"A complex and iconic one-pot meal from South Karnataka. The unique flavor comes from a special, freshly ground spice powder and a balance of tamarind and jaggery.",
wild_tuber_curry,Wild Tuber Curry,Kattukizhangu Curry / Kizhangu Curry,False,2700,0,4,"A foundational dish representing the staple carbohydrate source for forest-dwelling communities. Some wild tubers are toxic when raw and require specific, traditional processing methods (like prolonged boiling) to be made safe for consumption.",
chak_hao_kheer,Black Rice Pudding,Chak-hao Kheer,False,4920,3600,5,A celebrated delicacy made from a specific glutinous black rice ('Chak-hao') which gives the pudding its unique nutty flavor and deep purple color.,
galho,Hearty Rice and Meat Porridge,Galho / Zawo,True,3180,0,3,"A nourishing one-pot meal, similar to khichdi, popular in the hills. Smoked meat is often used for a deeper, more robust flavor.",
jadoh,Meghalayan Rice and Pork,Jadoh,True,2520,1800,6,"A quintessential comfort food from Meghalaya. The most authentic flavor is achieved by cooking the rice in pork fat rather than oil. A more intense version, 'Jadoh Snam', is prepared with pork blood.",
smoked_pork_with_axone,Smoked Pork with Fermented Soybeans,Smoked Pork with Axone,True,3720,0,4,An iconic Naga dish. The pungent aroma and deep umami flavor of 'Axone' (fermented soybeans) is the defining characteristic and an acquired taste.,
dal_baati_churma,Roasted Dough Balls with Lentils and Sweet Crumble,Dal Baati Churma,False,4200,1800,5,"An iconic Rajasthani festive meal, revered and considered essential for all major tribal occasions.",
amritsari_kulcha,North Indian Stuffed Bread,Amritsari Kulcha,False,1680,3600,5,"A surprising local favorite that highlights the influence of the North Indian, particularly Punjabi, settler community in the Andamans.",
jowar_bhakri,Sorghum Flatbread,Jowar Bhakri / Jolada Rotti,False,1200,0,4,"A staple flatbread in the inland regions of Maharashtra and Gujarat, representing the traditional grain-based diet of the tribes before migration.",
nagli_rotla,Finger Millet Flatbread,Nagli Rotla / Nagli Bhakri,False,1200,0,4,"A highly nutritious, gluten-free flatbread made from finger millet (ragi). It is a staple food for many tribal communities in the region.",
wild_pig_curry,Indigenous Wild Pig Curry,Wild Pig Curry,True,5400,0,3,"A representative recipe for the primary terrestrial game animal for all Andamanese tribes. The preparation is simple and rustic, focused on boiling the meat until tender.",
pandanus_dough,Pandanus Fruit Dough,Larop,False,3960,0,5,"The absolute staple food of the Shompen, who actively cultivate the Pandanus tree. This is not a recipe for a final dish, but for the complex processing of the fruit into an edible starchy dough.",
pesarattu,Green Gram Crepe,Pesarattu,False,960,28800,5,"An iconic Andhra breakfast crepe made from green gram (moong dal), giving it a unique flavor and texture. It is traditionally served with a spicy ginger chutney (Allam Pachadi).",
gutti_vankaya_kura,Stuffed Eggplant Curry,Gutti Vankaya Kura,False,2880,0,5,"A celebrated vegetarian dish. The rich, nutty flavor comes from a freshly ground masala paste of roasted peanuts, coconut, and spices that is stuffed into small eggplants.",
gongura_mamsam,Mutton with Sorrel Leaves,Gongura Mamsam,True,4500,0,5,"A signature Andhra dish where the sharp, tangy flavor of sorrel leaves (Gongura) perfectly complements the rich taste of mutton.",
chepa_pulusu,Spicy Fish Stew,Chepa Pulusu,True,1800,900,5,The quintessential fish curry of Coastal Andhra. It has a characteristic hot and sour taste derived from a tamarind-based broth and a generous amount of Guntur chilies.,
chenchu_tuber_meal,Foraged Wild Tuber Meal,Dumpa,False,2220,0,4,"This represents the simplest and most fundamental traditional food of the Chenchu. The preparation is minimal, focusing on making the foraged tuber edible.",
kodo_kutki_porridge,Millet Porridge,Kodo / Kutki Pej,False,1680,0,4,"The traditional staple food of the Gond tribe. This is a simple, nourishing gruel that forms the basis of their daily diet.",
koya_tuber_detox,Detoxified Wild Tuber,Karsi Dumpa Preparation,False,3060,259200,4,"This is not a recipe, but a critical food processing method of the Koya tribe to render specific toxic wild tubers edible. This generational knowledge is essential for survival.",
tribal_fermented_beverage,Tribal Fermented Beverage,Ippa Sara / Palm Toddy,False,-1,-1,0,Recipe Unavailable. These are culturally significant beverages. Ippa Sara is a spirit distilled from fermented Mahua flowers by the Gond and Koya. Palm Toddy is a natural sap tapped by the Koya that ferments into a nourishing drink.,
eyup_choih,Nyishi Dried Bamboo Shoot Chutney,Eyup Choih,False,720,1500,3,"A quintessential, pungent Nyishi chutney. The authentic flavor comes from roasting the chilies directly on an open fire to impart a smoky taste.",
pasa,Adi Raw Fish Soup,Pasa,True,1800,0,4,"A traditional Adi delicacy. This is a raw preparation and relies on extremely fresh fish. The 'khumpatt' herb is essential for the authentic, unique flavor.",
lukter,Adi Smoked Meat with Chili,Lukter,True,660,0,3,A simple but potent side dish. The flavor is defined by the quality of the smoked meat and the heat of the chili.,
bamboo_tube_cooking,Adi Bamboo Tube Cooking,Ma Dong / Kong E Penam,True,2520,0,4,"A traditional cooking method where food is steamed inside green bamboo, imparting a unique flavor. This recipe is for fish.",
oying,Adi Oil-Free Vegetable Stew,Oying,False,1560,0,3,A light and healthy stew that highlights the natural flavor of vegetables. It is traditionally made without any oil.,
pikey_pila,Apatani Pork and Bamboo Shoot Stew,Pikey Pila,True,4920,0,3,"The defining ingredient is 'pila', an alkaline liquid from plant ash, which gives the stew its unique taste and texture. King chilies provide intense heat.",
chura_sabji,Apatani Fermented Cheese Soup,Chura Sabji,False,1200,0,4,"A creamy, tangy, and very spicy dish made from melting 'churpi' (fermented cheese). The flavor is strong and an acquired taste.",
apong,Tribal Fermented Rice / Millet Beer,Apong / Opo / Poka,False,-1,-1,0,"Recipe Unavailable. A culturally ubiquitous beverage made by fermenting rice or millet with a special herbal starter culture ('E'pob'). The process is a form of traditional biotechnology, not a standard cooking recipe.",
oma_jwng_narjwi,Bodo Pork with Dry Jute Leaves,Oma Jwng Narjwi,True,2580,1200,4,"A quintessential Bodo dish. The unique flavor comes from cooking with 'Kharwi', an alkaline liquid from banana peel ash, and the slightly bitter taste of dried jute leaves.",
onla,Bodo Chicken Curry with Rice Powder,Onla,True,2100,1200,6,"A Bodo specialty where 'on' (rice powder) is used to create a unique, creamy gravy. Khar may also be added for flavor.",
samo_sobai,Bodo Snails with Black Lentils,Samo Sobai,True,4020,0,5,A prized Bodo delicacy. The snails must be thoroughly cleaned before cooking. The meat is traditionally sucked from the shell.,
pitang_oiying,Mising Meat Curry with Rice Flour Gravy,Pitang Oiying / Amín Oying,True,2940,0,5,"A Mising specialty where coarsely ground raw rice ('pitang') is used to naturally thicken the curry, creating a wholesome one-pot meal.",
namsing_chutney,Mising Fermented Fish Chutney,Namsing,True,540,0,3,"This is not a recipe for making Namsing itself, but for preparing a chutney from the finished fermented fish powder, which is a Mising culinary hallmark.",
pork_kalangdang,Karbi Boiled Pork with Bamboo Shoot,Pork Kalangdang,True,2880,0,3,A classic Karbi dish defined by the 'Kalangdang' (boiling) method. It uses minimal spices to highlight the natural flavors of pork and sour bamboo shoot.,
pork_kimung,Karbi Bamboo Tube Pork,Pork Kimung,True,3000,0,4,The authentic smoky flavor comes from cooking the pork in a sealed green bamboo tube directly over a fire.,
tribal_rice_beer,Assamese Tribal Rice Beer,Zou / Apong / Hor,False,-1,-1,0,"Recipe Unavailable. A culturally ubiquitous beverage across Bodo, Mising, and Karbi communities. It is made by fermenting rice with a complex, plant-based starter culture. The process is a form of traditional biotechnology, not a standard cooking recipe.",
champaran_meat,Clay Pot Mutton Stew,Champaran Meat / Ahuna Mutton,True,9720,0,5,The unique flavor comes from slow-cooking the mutton in a sealed earthen pot (handi) over charcoal. This is a dump-and-cook method.,
kadhi_badi,Yogurt Curry with Gram Flour Dumplings,Kadhi Badi,False,2460,0,5,The distinct Bihari flavor comes from tempering with 'panchphoran' in mustard oil. The yogurt must be cooked on low heat to prevent curdling.,
sattu_paratha,Roasted Gram Flour Stuffed Flatbread,Sattu Paratha,False,1200,1200,4,The filling should be moist but not wet to prevent the paratha from breaking while rolling.,
dal_puri,Lentil Stuffed Fried Bread,Dal Puri,False,3600,0,4,A festive favorite. The lentil filling must be cooked and ground to a dry consistency to stuff the puris properly.,
leto,Santhal Rice and Meat Porridge,Leto,True,2460,0,5,"A highly praised Santhal dish for festivals. It's a thick, savory paste rather than a typical porridge.",
patpoda_chicken,Oraon Leaf-Wrapped Chicken,Patpoda Chicken,True,1920,1800,4,The authentic flavor comes from wrapping the chicken in Sal leaves and cooking it directly in the embers of a fire.,
bore_baasi,Fermented Rice Porridge,Bore Baasi,False,300,28800,4,This is a traditional cooling meal for hot climates. The fermentation process is key to its unique tangy flavor and nutritional benefits.,
chila,Chhattisgarhi Rice Flour Pancake,Chila,False,660,1200,5,The consistency of the batter is crucial; it should be thin and pourable to create a crisp pancake.,
faraa,Steamed Rice Flour Dumplings,Faraa / Peetha,False,2880,0,5,The dough must be made with hot water to get the right texture. Ensure the dumplings are sealed properly to prevent the filling from leaking during steaming.,
aamat,Bastar Bamboo Shoot Curry,Aamat,False,2040,0,4,A signature sour curry from the Bastar region. Raw bamboo shoots must be properly processed (soaked or boiled) before cooking to remove bitterness.,
chaprah,Gond Red Ant Chutney,Chaprah,True,960,0,3,"A formidable delicacy from the Bastar region, known for its intense tangy and spicy flavor. This is a condiment, not a main dish.",
sikiya_kheer,Baiga Wild Crabgrass Pudding,Sikiya Kheer,False,2700,0,4,This is a rare dish made from foraged wild Sikiya millet. The grain is very small and nutritious. Common millets like Foxtail millet can be a substitute.,
salfi,Bastar Palm Sap,Salfi,False,-1,-1,0,Not a recipe. This is a natural sap tapped from a specific palm tree. It is sweet when fresh and becomes alcoholic as it naturally ferments throughout the day.,
mahua_toddy,Local Fermented Beverage,Mahua / Toddy / Sur,False,-1,-1,0,"Recipe Unavailable. In their native regions, tribes like the Dubla prepare a spirit from Mahua flowers. In Goa, this practice would adapt to using the locally available sap from coconut or cashew palms to create a fermented beverage known as Toddy or Sur.",
madra,Yogurt and Chickpea Curry,Madra,False,3420,28800,6,The yogurt-based gravy is central and can curdle if not cooked carefully on low heat. Using gram flour helps stabilize it. Traditional recipes avoid onion and garlic.,
siddu,Steamed Fermented Bread,Siddu,False,2760,14400,6,The dough must be well-fermented to achieve the characteristic light and spongy texture. Steaming must be done carefully to ensure it's cooked through without becoming soggy.,
chha_gosht,Buttermilk Mutton Curry,Chha Gosht,True,4500,3600,4,Cooking with buttermilk or yogurt requires slow cooking on low heat to prevent the gravy from splitting. Marinating the meat is crucial for tenderness.,
kaale_channe_ka_khatta,Sour Black Chickpea Curry,Kaale Channe ka Khatta,False,2400,0,4,The 'khatta' or sourness is the defining characteristic of this dish. The amount of souring agent can be adjusted to taste.,
tudkiya_bhaat,Himachali Spiced Rice with Lentils,Tudkiya Bhaat,False,2220,1800,5,This is a one-pot meal where the balance of spices and yogurt is key. Ensure rice is not overcooked.,
aktori_patande,Buckwheat or Wheat Flour Crepes,Aktori / Patande,False,540,1050,5,"The batter consistency is key to making thin, even crepes. Buckwheat flour gives a more traditional, nutty flavor.",
aid_ka_saag,Stinging Nettle Greens,Aid ka Saag,False,1920,0,4,Recipe is speculative. Fresh stinging nettle must be handled with gloves and blanched or cooked thoroughly to neutralize the sting.,
mahani,Savory Buttermilk Preparation,Mahani,False,-1,-1,0,Recipe Unavailable. The provided text only describes this as a 'savory preparation made from buttermilk' in the Gaddi diet.,
gurani,Jaggery and Milk Mixture,Gurani,False,-1,-1,0,Recipe Unavailable. The provided text only describes this as a 'simple but energy-rich mixture of jaggery (gur) and milk' in the Gaddi diet.,
sur,Traditional Fermented Barley Beverage,Sur,False,-1,-1,0,"Recipe Unavailable. The preparation is complex, involves fermentation with local herbs, and is a culturally significant licensed beverage of the Gaddi community.",
kalari,The Highland's Stretched-Curd Cheese,Kalari,False,2010,302400,8,"The authenticity of Kalari depends on using raw, full-fat milk that is only warmed, not boiled. The traditional coagulant is sour whey (Matthar), and substitutes will alter the texture.",
makki_ki_roti,The Staple Maize Flatbread,Makki ki Roti,False,1800,900,4,"Maize flour is gluten-free, making the dough notoriously difficult to handle and roll without breaking. Using hot water is essential, and modern shortcuts like rolling between parchment paper are recommended for beginners.",
noon_chai,The Ritual of Salted Tea,Noon Chai,False,3150,0,3,The unique pink color is the result of a specific chemical reaction between special Kashmiri/gunpowder green tea and baking soda. Regular green tea may not work. Aeration ('phaita lagana') is critical to develop the color.,
gucchi_pulao,A Forager's Prized Feast,Gucchi Pulao,False,2850,6900,7,This is a luxury dish. The soaking water from the dried morels is the soul of the dish and must be strained meticulously through muslin cloth to remove grit before being used to cook the rice.,
mamtu,Steamed Dumplings of the Karakoram,Mamtu,True,4500,1800,5,Steaming time depends heavily on the filling. Use a longer time (30-35 mins) for traditional raw meat filling to ensure it's cooked through. A shorter time (10-15 mins) is sufficient for a pre-cooked filling.,
chapshuro,The Savory Mountain Pie,Chapshuro,True,2250,1350,4,"If using a traditional raw meat filling, the pie must be cooked slowly on low heat with a lid to ensure the meat cooks through without burning the crust.",
prapu,Noodles in Walnut and Apricot Sauce,Prapu,False,1920,1800,6,Recipe Incomplete. The following is a speculative reconstruction. Authentic flavor depends heavily on local herbs and pressed apricot oil.,
gyal,Buckwheat Griddle Cakes,Gyal,False,900,0,3,Recipe Unavailable. The following is a highly speculative reconstruction based on a general description. Traditional taste depends on local red/brown buckwheat flour.,
balay,Hearty Noodle and Meat Soup,Balay,True,-1,-1,0,Recipe Unavailable. The description is too general to attempt a meaningful reconstruction.,
marzan,Ceremonial Soaked Wheat Dough,Marzan,False,-1,-1,0,"Recipe Unavailable. The complex, multi-week grain soaking and fermentation process cannot be reliably reconstructed from the available information.",
khambir,Fermented Ladakhi Bread,Khambir,False,1800,36000,4,Recipe Incomplete. This is a simplified reconstruction. Authentic taste depends on natural fermentation and traditional baking on a hot stone slate.,
kak_moch,Apricot Soup,Kak Moch,False,1950,0,4,Recipe is based on a proxy: the nearly identical Hunza dish 'Bataring Daudo.' This is presented as a very close regional variant.,
dhuska,Deep-Fried Rice and Lentil Pancake,Dhuska,False,2100,28800,5,Overnight fermentation of the batter is crucial for the authentic taste and texture. The batter should be thick but pourable.,
pitha,Jharkhandi Steamed Dumplings,Pitha / Pittha,False,2940,0,5,This is a representative recipe for a savory lentil-stuffed pitha. The dough must be made with hot water for the correct soft texture.,
rugra_curry,Indigenous Mushroom Curry,Rugra Curry,False,2940,0,5,"Rugra is a rare, subterranean monsoon mushroom unique to the region, with a chewy, meat-like texture. Its earthy flavor is the star of the dish.",
red_ant_chutney,Red Ant Chutney,Kurkut Chutney,True,960,0,3,"A pungent, tangy, and protein-rich condiment made from foraged red weaver ants and their eggs. It is a traditional delicacy valued for its medicinal properties.",
dubki_tiyan,Oraon Urad Dal Dumpling Curry,Dubki Tiyan,False,3000,0,5,"A unique Oraon dish. The dumplings are cooked directly in the simmering curry, which absorbs their flavor.",
ragi_mudde,Steamed Finger Millet Balls,Ragi Mudde,False,1500,0,5,"A cornerstone of the traditional diet in Southern Karnataka. It requires vigorous stirring to achieve a smooth, lump-free consistency and is traditionally swallowed, not chewed.",
pandi_curry,Kodava Pork Curry,Pandi Curry,True,5100,0,6,"The most iconic dish of Kodagu cuisine. Its unique dark color and tangy flavor come from 'Kachampuli', a sour fruit vinegar exclusive to the region, which is an essential ingredient.",
neer_dosa,Watery Rice Crepe,Neer Dosa,False,1020,14400,5,"A delicate, lacy crepe from Coastal Karnataka. The batter is made from only rice and should be very thin, like water. It requires no fermentation.",
wild_greens_sambar,Wild Greens Sambar,Soppina Saaru,False,2340,0,4,"Represents the traditional foraged food culture. This is a simple, nutritious curry made from a variety of foraged leafy greens, a staple for forest-dwelling communities.",
wild_greens_stir_fry,Wild Greens Stir-fry,Chappu Thoran,False,1020,0,4,A simple and highly nutritious side dish made from foraged leafy greens. Accurate identification of edible wild plants is crucial.,
bamboo_rice_pudding,Bamboo Rice Pudding,Moongil Arisi Payasam,False,3120,3600,5,"A highly prized and rare festive sweet. Bamboo rice, which is the grain collected from a flowering bamboo shoot, has a unique, earthy flavor and chewy texture.",
foraged_mushroom_fry,Foraged Mushroom Fry,Kattu Kalan Varuthathu,False,1320,0,4,A seasonal delicacy enjoyed during the monsoon. Requires expert traditional knowledge to correctly identify edible wild mushrooms and distinguish them from poisonous varieties.,
manjakoova_porridge,Wild Turmeric Porridge,Manjakoova Kurukku,False,1320,0,4,"A special preparation made from the powder of a specific wild turmeric tuber (Curcuma neilgherrensis), consumed for its nutritional value.",
pej,Baiga Millet Porridge,Pej / Mandiya Bhaat,False,1680,0,4,"This is a foundational, hydrating, and energy-giving gruel. It can be made thin like a drink or thick like a porridge.",
putpuda_chicken_stew,Baiga Mushroom and Chicken Stew,Putpuda Chicken,True,2700,0,4,"The authentic flavor comes from the foraged 'putpuda' mushroom. Other earthy mushrooms like shiitake or portobello can be used as a substitute. Traditional Baiga cooking is minimalist, using very few spices.",
mahua_puri,Sweet Mahua Flower Bread,Mahua Puri,False,1800,1800,5,"The unique sweet and floral flavor comes from sun-dried Mahua flowers, which is an essential and irreplaceable ingredient.",
baiga_chokha,Baiga Roasted Vegetable Mash,Chokha,False,1500,0,3,The authentic smoky flavor is achieved by roasting the vegetable directly on an open fire or hot coals until the skin is charred.,
panmodi,Leaf-Steamed Rice and Cucumber Cake,Panmodi,False,1980,0,5,A unique steamed cake prepared for the 'Barki Tiwli' (Diwali) festival from the first harvest of rice. It is traditionally wrapped in a 'chai' leaf for steaming.,
ragi_ambil,Fermented Finger Millet Porridge,Ragi Ambil,False,1200,28800,5,"A cooling, probiotic-rich porridge consumed especially during hot weather. The fermentation process is key to its tangy taste and nutritional benefits.",
crab_curry,Mashed Crab Curry,Khekda Bharta,True,2160,0,5,"A simple, rustic preparation highlighting foraged crabs. This recipe reflects the traditional oil-free boiling method.",
wild_yam_curry,Wild Yam Curry,Kand Bhaji,False,2700,0,4,"This dish showcases the use of foraged wild tubers, a critical 'famine food'. Some wild yams require specific processing (like boiling in tamarind water) to remove toxins or itchiness before cooking.",
tadi_palm_wine,Palm Wine,Tadi,False,-1,-1,0,Recipe Unavailable. A culturally and spiritually significant beverage cultivated from the sap of palm trees. It is considered a divine gift and is a mandatory offering in all life-cycle rituals.,
eromba,Mashed Vegetable and Fermented Fish Chutney,Eromba,True,1560,0,4,"A quintessential Manipuri chutney. The pungent, umami flavor of 'ngari' (fermented fish) is the essential and defining ingredient of this dish.",
chamthong,Manipuri Vegetable Stew,Chamthong / Kangshoi,True,1920,0,4,"A light, healthy, and soupy stew that forms the centerpiece of a daily meal. It is flavored with ngari, not heavy spices.",
singju,Manipuri Piquant Salad,Singju,True,960,0,4,"A fresh, spicy salad with complex textures. This recipe uses the non-vegetarian dressing with ngari; a vegetarian version uses roasted perilla seed powder.",
paknam,Turmeric Leaf Wrapped Savory Cake,Paknam,True,2820,0,5,"A unique savory pancake. The use of fresh turmeric leaves for wrapping is essential as they impart a distinct, earthy aroma during cooking.",
smoked_pork_with_akhuni,Smoked Pork with Fermented Soybeans,Smoked Pork with Akhuni,True,3660,0,4,An iconic dish from the hills of Manipur. The pungent aroma and deep umami flavor of 'akhuni' (fermented soybeans) is the defining characteristic.,
mepoh,Thick Rice and Smoked Meat Porridge,Mepoh / Buhchhiar,True,5160,0,4,A hallmark one-pot dish where rice breaks down to thicken the stew. Requires very slow cooking and frequent stirring to prevent burning.,
doh_neiiong,Pork with Black Sesame,Doh-neiiong / Doh Sain,True,4980,0,5,An indulgent and aromatic curry. The key to the flavor is roasting the black sesame seeds before grinding them into a paste.,
dohkhlieh,Minced Pork Salad,Dohkhlieh,True,3660,0,4,A refreshing and hearty pork salad. Traditionally made using meat from the pig's head and sometimes enriched with boiled pig's brain.,
tungrymbai_pork,Fermented Soybean with Pork,Tungrymbai,True,2220,0,5,"This recipe is for cooking with pre-made Tungrymbai. The dish has a very strong, pungent aroma and flavor that is an acquired taste.",
pumaloi,Steamed Rice Cake,Pumaloi / Tpulandong,False,1860,0,5,"A light, fluffy rice cake. It is traditionally steamed in a special terracotta pot ('Khiew Ranei') which gives it a unique shape and texture.",
doo_kapa,Chicken with Indigenous Soda,Do'o Kapa,True,2400,0,4,"A quintessential Garo dish defined by the use of 'Kalchi' (alkaline ash water), which tenderizes the meat and adds a unique flavor. Baking soda is a common modern substitute.",
nakam_bitchi,Dried Fish Soup,Na'kam Bitchi,True,1440,0,3,"A warming and spicy Garo soup. The flavor is intense and savory, best served with plain rice.",
dakharang,Jaintia Smoked Fish,Dakharang,True,960,0,3,A signature ingredient of the Jaintia people. This recipe is for a simple chutney or 'salad' made from pre-smoked fish.,
bai,Mizo Vegetable Stew,Bai,True,1860,0,4,"A quintessential Mizo stew. The authentic flavor is derived from 'Sa-um' (fermented pork fat) or 'Bekang' (fermented soybeans), not from spices. A pinch of baking soda is used to soften the vegetables.",
sawhchiar,Mizo Meat and Rice Porridge,Sawhchiar,True,4140,0,4,"The ultimate Mizo comfort food. It's a one-pot meal where the rice breaks down to create a thick, savory porridge with the meat.",
vawksa_rep,Mizo Smoked Pork Stir-fry,Vawksa Rep,True,2640,0,4,"A celebrated delicacy. The dish relies on the deep, smoky flavor of the pre-smoked pork.",
hmarcha_rawt,Roasted Chili Chutney,Hmarcha Rawt,False,900,0,3,"An essential, fiery accompaniment to every meal. The smoky flavor comes from roasting the ingredients directly over a flame.",
bachchuri_taaba,Chakma Bamboo Shoot Stew,Bachchuri Taaba,True,2280,0,4,"A classic Chakma dish defined by the pungent, savory flavor of 'Sidol' (fermented fish/shrimp paste).",
paajon_twon,Chakma Mixed Vegetable Stew,Paajon-Twon,False,2820,0,4,"The signature vegetarian dish of the 'Bizu' festival. Tradition dictates using a minimum of seven, and ideally many more, different types of vegetables, herbs, and flowers.",
sizo_hmepawk,Hmar Pork and Sizo Leaf Porridge,Sizo Hmepawk,True,5700,0,3,"A beloved and culturally iconic Hmar dish. The unique flavor comes from the 'Sizo' leaf, which is an indispensable ingredient for feasts and festivals.",
arsa_biepenek,Hmar Spicy Chicken with Rice Flour,Arsa Biepenek,True,2520,0,4,"A distinct Hmar chicken curry where the gravy is thickened with rice flour, giving it a unique texture.",
anishi_curry,Smoked Taro Leaf Curry,Anishi,True,2880,1800,4,"A delicacy of the Ao Naga. This recipe uses pre-made 'Anishi' - patties of fermented and smoked taro leaves, which have a unique, rich flavor.",
bamboo_tube_fish,Fish Cooked in Bamboo Tube,Bamboo Steamed Fish,True,2520,0,4,"An ancient cooking method where the food steams in a green bamboo tube over a fire, imparting a subtle, earthy aroma.",
yam_with_smoked_meat,Konyak Yam and Smoked Meat Stew,Yam with Smoked Meat,True,3420,0,4,"A signature Konyak delicacy, highlighting the importance of tubers as a staple food. The dish is simple, letting the smoky meat and earthy yam flavors dominate.",
black_sticky_rice_pudding,Black Sticky Rice Pudding,Nap Naang,False,3540,0,4,A mildly sweet and nutty pudding made from a prized indigenous variety of black sticky rice.,
zutho,Naga Rice Beer,Zutho,False,-1,-1,0,"Recipe Unavailable. A common, light-tasting fermented rice beer. The process involves sprouting rice to create a malt beverage, a form of traditional biotechnology not suitable for a standard recipe.",
kai_chutney,Santhal Red Weaver Ant Chutney,Kai Chutney,True,960,0,3,"A GI-tagged delicacy from Mayurbhanj. This pungent and tangy condiment is made from foraged red weaver ants and their eggs, and is valued for its nutritional and medicinal properties.",
arasal_tadi,Saora Palm Wine,Arasal / Tadi,False,-1,-1,0,Not a recipe. This is a natural sap tapped from the Fishtail or Toddy Palm. It is a nutritious supplement when fresh and becomes a mildly alcoholic beverage as it naturally ferments during the day.,
katul,Kutia Kondh Little Millet Beer,Katul,False,-1,-1,0,"Recipe Unavailable. A culturally significant beer of the Kutia Kondh, brewed from little millet using a complex, multi-step fermentation process involving a special leaf-wrapped starter cake ('kena').",
dal_paniya,Leaf-Roasted Maize Bread with Five-Lentil Stew,Dal Paniya,False,3180,0,5,A celebrated rustic meal. The authentic smoky flavor of the Paniya comes from wrapping the maize dough in leaves (like Aakda or Palash) and roasting it directly on slow-burning embers.,
rabdi_milk,Sweet Reduced Milk Dessert,Rabdi,False,3600,0,4,"A rich, celebratory dessert. The key technique is to slowly reduce the milk while collecting the layers of cream (malai) on the sides of the pan.",
khuri,Sikkimese Buckwheat Crepe,Khuri / Khu-ree,False,1200,0,4,"A traditional crepe, once a staple, now often served on special occasions. The authentic flavor comes from buckwheat or millet flour.",
sishnu_ko_saag,Stinging Nettle Soup,Sishnu ko Saag,False,1980,0,5,A nutritious soup made from foraged stinging nettle. The leaves must be handled with care and boiled thoroughly to neutralize their sting.,
momo,Himalayan Steamed Dumplings,Momo,True,2820,1800,5,The most famous Himalayan delicacy. This is a representative recipe for a traditional minced meat momo.,"A beloved Himalayan dumpling with clear Tibetan and Nepali origins, the momo has been enthusiastically adopted as a quintessential street food across India, especially in the North and Northeast India."
thukpa,Himalayan Noodle Soup,Thukpa,True,2280,0,5,"A hearty and warming noodle soup, perfect for cold climates. Can be made with any kind of meat or vegetables.","This hearty noodle soup, a staple comfort food from Tibet, was embraced in the Himalayan regions of India like Sikkim and Ladakh, where it became a warming and popular one-pot meal."
phagshapa,Pork Fat with Radish and Chilies,Phagshapa,True,2880,0,3,"A unique, oil-free stew where the richness comes entirely from rendered pork fat. It's a spicy and tangy dish.",
gundruk_ko_jhol,Fermented Leafy Green Soup,Gundruk ko Jhol,False,1680,900,4,A famous and traditional Himalayan soup with a distinct tangy and sour flavor derived from 'Gundruk' (fermented and dried leafy greens).,
dhindo,Buckwheat or Millet Porridge,Dhindo,False,1740,0,4,"A highly nutritious staple food. Requires vigorous and continuous stirring to achieve a smooth, dense, lump-free consistency.",
sel_roti,Fried Rice Flour Bread Rings,Sel Roti,False,960,1800,5,A signature festive bread. Creating the perfect ring shape while pouring the batter into hot oil requires practice.,
chi_chhaang,Himalayan Fermented Millet Beer,Chi / Chhaang / Tongba,False,-1,-1,0,"Recipe Unavailable. A culturally ubiquitous beverage made by fermenting millet with a special starter culture ('marcha'). It is a traditional biotechnology, not a standard recipe, and is often served in a bamboo container ('tongba').",
othidvar,Buttermilk Rice with Savory Chutney,Othidvar / Urunda Sappad,False,1560,0,5,"A quintessential dish of the Nilgiri pastoralists, showcasing a fusion of their traditional dairy with the adopted staple of rice. It is topped with fresh buffalo butter.",
roasted_termites,Roasted Winged Termites,Eesal Varuval,True,780,0,3,"A traditional, protein-rich snack foraged during the pre-monsoon season. This highlights the opportunistic and diverse nature of hunter-gatherer diets.",
field_rat_curry,Field Rat Curry,Eli Kari,True,3000,0,4,"A traditional food source for hunter-gatherer communities like the Irular, valued as a source of strength. This is a simple, rustic preparation.",
wild_turmeric_sweet,Wild Turmeric Sweet,Kasthurimanjal Sweet,False,2400,0,4,"A festive sweet prepared from the tuber of wild turmeric, showcasing the use of foraged ingredients in celebratory foods.",
sorghum_porridge,Sorghum Porridge,Jowar Pej,False,1680,0,4,"The traditional carbohydrate staple of the Chenchu diet before the widespread introduction of PDS rice. It is a simple, nourishing gruel.",
monitor_lizard_curry,Monitor Lizard Curry,Udumu Kura,True,2760,0,4,"A prized delicacy among the Chenchu, hunted with trained dogs. The preparation is simple and rustic, often cooked with a piece of Voddi tree wood, which is believed to be essential for proper cooking.",
basic_tamarind_chutney,Basic Tamarind Chili Chutney,Pachhadi,False,600,0,3,"This rudimentary chutney is a common accompaniment to the contemporary diet of PDS rice, reflecting economic precarity.",
fried_flying_termites,Fried Flying Termites,Usillu,True,840,0,3,"A prized, protein-rich seasonal delicacy captured using ingenious traditional trapping methods before the monsoon.",
edible_tamarind_seeds,Edible Tamarind Seeds,Chinta Ginja,False,1560,172800,4,This is not a recipe but a traditional processing method to render normally inedible tamarind seeds into a palatable snack.,
chenchu_liquor,Traditional Chenchu Liquor,Sara / Thummachakka,False,-1,-1,0,"Recipe Unavailable. These are traditional fermented beverages. Sara is made from Mahua flowers, while Thummachakka is a more potent brew from acacia bark, jaggery, and Mahua. They are integral to social life and rituals.",
chakhwi,Tripuri Alkaline Curry,Chakhwi,True,2700,0,4,"A celebratory dish, considered 'Mui Okra' (the first curry) in feasts. Its unique flavor comes from an alkaline liquid ('Khar' or baking soda), and the gravy is thickened with rice flour.",
gudok,Bamboo-Cooked Vegetable Mash,Gudok,True,2160,0,4,"A signature communal dish. It is traditionally cooked inside a hollow bamboo tube over a fire, which imparts a unique smoky flavor. The pungent taste of 'Berma' (fermented fish) is essential.",
wahan_mosdeng,Pork and Herb Salad,Wahan Mosdeng,True,2520,0,4,A classic 'Mosdeng' (spicy relish). This is a fresh preparation that relies on the quality of boiled pork and pungent raw herbs like culantro.,
bhangui,Aromatic Leaf-Steamed Rice,Bhangui,False,2280,3600,4,A beloved rice preparation. The unique shape and subtle aroma are imparted by steaming the rice inside a special cone-shaped banana leaf ('Lairu').,
muya_awandru,Bamboo Shoot and Fermented Fish Gravy,Muya Awandru,True,1800,0,4,"A classic gravy dish where the flavor of bamboo shoots is complemented by the pungent, savory taste of Berma. It is thickened with rice flour.",
chwak,Tripuri Rice Beer,Chwak / Chuwarak,False,-1,-1,0,"Recipe Unavailable. A culturally and spiritually significant fermented rice beverage, revered as a representation of the goddess Laxmi. The process is a form of traditional biotechnology, not a standard cooking recipe.",
shile_kutu,Bhotia Buckwheat Pancake,Shile Kutu / Tile Kutu,False,1200,0,4,"This is a simple, staple flatbread. The authenticity comes from using high-altitude buckwheat or wheat flour.",
champain,Bhotia Fried Noodles,Champain,False,2400,0,4,The unique texture comes from hand-rubbing the noodles. The use of local herbs like 'jumbu' is key to the authentic flavor.,
jaan,Bhotia Fermented Rice Beer,Jaan / Chakti,False,-1,-1,0,"Recipe Unavailable. This is a traditional, slow-fermented beverage requiring a specific starter culture (Balam) and is not a standard home-cooking recipe.",
machhi_bhat,Buksa Fish and Rice,Machhi Bhat,True,1980,900,6,"This is a representative recipe. The original text notes this as a staple of the Buksa tribe but does not provide a specific preparation method. This version reflects a simple, rustic curry.",
ghonghi,Tharu Spiced Snails,Ghonghi,True,2580,3600,6,The most critical step is thoroughly cleaning the snails and snipping the ends. Ground linseed is the traditional and essential thickening agent for the gravy.,
dhikri,Tharu Steamed Rice Flour Sticks,Dhikri,False,2580,0,6,"Using freshly milled rice flour, especially from 'anadi' sticky rice, gives the best texture. The dough should be smooth and not too dry.",
pakuwa,Tharu Barbecued Meat,Pakuwa,True,2700,3600,4,This is a festive dish. The flavor comes from a long marination and slow roasting over coals if possible.,
patushni,Tharu Fried Taro Leaf Wraps,Patushni / Aairkanchan,False,3540,0,7,This multi-step dish requires care when wrapping the leaves to ensure the paste does not leak during steaming.,
sidhara,Tharu Dried Fish and Taro Cakes,Sidhara,True,-1,-1,0,"Recipe Unavailable. This is not a dish to be cooked from scratch, but a preserved ingredient made from dried fish and taro stems, which is then used to flavor curries.",
laato_jel,Santhal Slow-Cooked Minced Meat,Laato Jel,True,2820,1800,5,"A rich, slow-cooked dish similar to 'kosha mangsho'. Powdered rice is used as a traditional thickening agent for the gravy.",
laad,Santhal Wood-Roasted Meat,Laad,True,4800,0,4,A primal and communal festive dish. The authentic flavor comes from slow-roasting the meat inside a hollowed-out Sal tree branch placed in a bonfire.,
hav_chatni,Santhal Red Ant Chutney,Hav Chatni,True,960,0,3,A pungent and tangy relish made from foraged red weaver ants and their eggs. It is a traditional delicacy valued for its unique taste and perceived medicinal properties.,
hisa_aara_sipi,Santhal Pakur Leaf Mash,HisaAara Jolisakamre Sipi,False,1380,0,4,A traditional 'bharta' (mash) made from foraged tender leaves of the Pakur tree (Ficus infectoria).,
millet_momos,Oraon Millet Dumplings,Millet Momos,False,2220,1800,4,"A contemporary adaptation of a popular dish, using traditional finger millet (ragi) flour for a healthier, more nutritious wrapper.",
kudrum_chutney,Oraon Roselle Flower Chutney,Kudrum Chutney,False,1200,0,4,A sweet and tangy chutney made from the calyces of the roselle plant (Hibiscus sabdariffa).,
wild_pig_roast,Indigenous Wild Pig Roast,Wild Pig Roast,True,7500,0,4,"The primary terrestrial game animal for the Jarawa, central to their social and ritual life. This recipe reflects the traditional slow-roasting method in a pit hearth ('aalaav').",
naan_yeast,Classic Yeast-Leavened Naan,Naan,False,1260,6900,7,"A hot pan is essential for the naan to puff up properly. This method uses yeast for a complex, slightly tangy flavor and a satisfyingly chewy gluten structure.","Introduced to India from Persia and Central Asia, this leavened flatbread was popularized by the Mughal court and became a global restaurant staple thanks to the blistering heat of the tandoor oven."
naan_no_yeast,Quick No-Yeast Naan,Naan,False,750,600,4,"This modern, convenient approach uses chemical leaveners, yielding a softer, more cake-like texture rather than a chewy one.","Introduced to India from Persia and Central Asia, this leavened flatbread was popularized by the Mughal court and became a global restaurant staple thanks to the blistering heat of the tandoor oven."
butter_garlic_naan,Butter Garlic Naan,Butter Garlic Naan,False,1560,6300,6,"For the best result, garlic is incorporated both into the dough and as a finishing butter.",
keema_naan,Spiced Minced Meat Stuffed Naan,Keema Naan,True,2460,5400,6,The primary challenge is managing the moisture of the filling to prevent the dough from tearing. The final filling mixture must be dry.,
paneer_naan,Paneer Stuffed Naan,Paneer Naan,False,1740,5400,5,"A vegetarian favorite, stuffed with a savory mixture of Indian cottage cheese (paneer) and spices.",
kulcha,Soft Leavened Flatbread,Kulcha,False,1080,7200,4,"Key differences from naan are the use of chemical leaveners (baking powder/soda) instead of yeast, resulting in a softer, less chewy texture.",
tandoori_roti,Whole Wheat Tandoor-style Roti,Tandoori Roti,False,780,2400,6,"A non-stick tawa cannot be used as the roti needs to stick to the surface for the inversion cooking method, which cleverly mimics the intense heat of a tandoor.",
chapati,Indian Whole Wheat Flatbread,Chapati / Roti,False,1320,1200,6,"The hallmark of a well-made chapati is its ability to puff up into a perfect sphere. This requires a soft, pliable dough, even rolling, and the high heat of a tawa followed by direct flame.",
paratha,Layered Whole Wheat Flatbread,Paratha,False,1200,1800,5,"Richer and more substantial than chapatis, thanks to the layers of ghee or oil incorporated during the folding process.",
aloo_paratha,Spiced Potato Stuffed Flatbread,Aloo Paratha,False,1500,600,5,"Ensure the boiled potatoes are cool and relatively dry when mashing to prevent the filling from becoming sticky, which can cause tearing during rolling.",
lachha_paratha,Layered Flaky Paratha,Lachha Paratha,False,1020,1950,5,"Famed for its visible, crisp, concentric layers. Be careful not to press too hard when rolling the final circle, as this would merge the layers.",
parotta,Malabar / Kerala Parotta,Parotta,False,1230,9300,6,"Made with maida (all-purpose flour) for a uniquely soft, chewy, and flaky texture. A very long resting period is essential. The final 'crush' step is crucial to separate the layers. An egg is optional for extra softness.",
dosa,Crispy Fermented Crepe,Dosa,False,540,52200,5,"The batter should be thinner than idli batter, with a smooth, pourable consistency. The tawa must be very hot when pouring the batter, then reduced to medium-low.",
masala_dosa,Dosa with Spiced Potato Filling,Masala Dosa,False,1110,54000,5,"A classic South Indian dish where a crisp dosa is filled with a savory, spiced potato and onion mixture. The potato filling should be moist but not watery to avoid making the dosa soggy.",
idli,Steamed Fermented Rice Cakes,Idli,False,2520,64800,5,Success depends on proper fermentation of the rice and lentil batter. A warm environment is crucial. Use non-iodized salt as iodized salt can inhibit microbial activity.,
appam,Kerala Lace Hoppers,Appam,False,1680,57600,6,"Unique bowl-shaped pancakes with a soft, spongy center and paper-thin, crispy edges. Traditionally fermented with toddy (palm wine), but yeast is a common substitute. Requires a special curved pan called an 'appachatti'.",
puttu,Kerala Steamed Rice Cylinders,Puttu,False,960,0,4,"The unique texture is crumbly and soft, not a batter or a dough. The most crucial step is achieving the correct 'wet breadcrumb' consistency of the flour mixture. Requires a special cylindrical steamer called a 'puttu kutti'.",
puri,Deep-Fried Puffed Bread,Puri / Poori,False,660,600,4,The dough for puri should be much firmer than chapati dough to prevent it from absorbing too much oil during frying. The oil must be hot enough for the puri to puff up instantly.,
baati,Rajasthani Roasted Wheat Balls,Baati,False,2460,1200,5,"A hard, unleavened bread from Rajasthan. A very stiff, tight dough is required, and the baatis are traditionally baked in embers. The final step of soaking in ghee is essential.",
hyderabadi_biryani,Hyderabadi Dum Biryani,Hyderabadi Dum Biryani,True,3120,10200,6,"Its preparation is a masterclass in culinary alchemy, defined by the celebrated kacchi method, where raw marinated meat is cooked by the steam from par-cooked rice. [8]","Evolving from the Persian pilaf, biryani was perfected in the royal kitchens of the Mughal Empire and various Indian sultanates, becoming a celebrated pan-Indian icon defined by its fragrant layers and slow-cooking 'dum' technique."
lucknowi_biryani,Awadhi Biryani,Lucknowi Biryani,True,3900,6600,7,A dish defined by its subtlety and delicate aromas. The soul of this biryani is the 'yakhni'—a fragrant stock created by gently simmering the marinated meat. [18],"Evolving from the Persian pilaf, biryani was perfected in the royal kitchens of the Mughal Empire and various Indian sultanates, becoming a celebrated pan-Indian icon defined by its fragrant layers and slow-cooking 'dum' technique."
vegetable_pulao,Veg Pilaf,Vegetable Pulao,False,2220,2400,6,"A crucial step is to sauté the soaked and drained rice for a minute, coating the grains in fat to ensure they remain separate and not sticky. [28]",
matar_pulao,Peas Pulao,Matar Pulao,False,2040,2100,6,"A testament to the elegance of simplicity, this dish celebrates the sweet, delicate flavor of green peas. [31]",
kashmiri_pulao,Kashmiri Pulao,Kashmiri Pulao,False,1980,2400,6,"A unique dish with Persian influences, celebrated for its mild, aromatic, and distinctly sweet and nutty character, garnished with fried nuts and fresh fruits. [34]",
kodi_pulao,Andhra Chicken Pulao,Raju Gari Kodi Pulao,True,2700,1800,7,An iconic restaurant-style pulao known for its potent heat from green chilies and immense depth from a special fried onion paste. [39],
moong_dal_khichdi,Moong Dal Khichdi,Khichdi,False,2340,1800,6,"The ultimate Indian comfort food. This recipe is for the flavorful 'Masala Khichdi', elevated with a tempering of ghee and spices. [44]",
dal_tadka,Tempered Lentil Stew,Dal Tadka,False,1590,0,5,"This is the quintessential dhaba-style dal, celebrated for its simple yet profound flavors and a signature smoky aroma. The dish is finished with a final, dramatic flourish: a separate, intensely fragrant tadka is poured over the top just moments before serving. [5]",
dal_fry,Fried Lentil Stew,Dal Fry,False,2400,0,6,"The epitome of homestyle comfort, where cooked lentils are simmered in a rich, pre-prepared masala base, allowing the flavors to meld and integrate deeply. [4]",
dal_makhani,Buttery Black Lentil Stew,Dal Makhani,False,6180,28800,6,"A true icon of North Indian restaurant menus, Dal Makhani is the epitome of creamy, buttery indulgence. The secret to its magnificent texture lies in one non-negotiable principle: the slow-cooking imperative. [3]",
maa_ki_dal,Homestyle Black Lentil Stew,Maa ki Dal,False,2100,28800,5,"This is the comforting, homestyle version of black dal, often simpler in its preparation but no less delicious. It relies more on the inherent creaminess of the slow-cooked lentils than on large amounts of added cream and butter. [14]",
sambar,South Indian Lentil and Vegetable Stew,Sambar,False,2700,0,5,"The beauty of Sambar lies in its perfect balance of flavors and textures, a harmony achieved through the interplay of soft-cooked lentils, tender vegetables, sour tamarind, and a fragrant, freshly-made spice blend. [12]",
rasam,Peppery South Indian Soup,Rasam,False,1020,0,6,"The secret to an exceptional Rasam lies in the vibrancy of a freshly pounded or ground masala paste. It is imperative not to over-boil the Rasam after adding the fresh masala, as its volatile aromas will be lost. [22]",
mulligatawny_soup,Anglo-Indian Spiced Soup,Mulligatawny,True,2160,0,6,"A fascinating culinary artifact born from the intersection of British and Indian cultures. Its name is an Anglicized corruption of the Tamil words 'milagu-thanni', meaning pepper-water, a nod to its ancestor, Rasam. [25]","A classic Anglo-Indian creation, this curried soup's name is an English adaptation of the Tamil words for 'pepper-water' (milagu-thanni), representing a direct fusion of British and South Indian tastes."
dalma,Odia Lentil and Vegetable Stew,Dalma,False,2100,0,5,"An integral part of the sacred food offerings to Lord Jagannath. The defining aromatic signature is the use of Panch Phoran in its tempering, a five-spice blend sizzled in mustard oil or ghee. [34, 11]",
kadhi_pakora,Yogurt Curry with Chickpea Flour Fritters,Kadhi Pakora,False,3900,1800,6,"A beloved comfort food, this thick, creamy, and savory curry is distinguished by the addition of deep-fried onion fritters. The key to a smooth Kadhi is preventing the yogurt from curdling by using gram flour as a stabilizer and stirring continuously. [39, 40]",
butter_chicken,Butter Chicken,Murgh Makhani,True,3540,16200,7,"A globally recognized icon of Indian cuisine, defined by a delicate balance of flavors: the tang of tomatoes is mellowed by the richness of butter and cream, with a subtle sweetness from honey or sugar and a haunting aroma from dried fenugreek leaves (kasuri methi). Its hallmark is a velvety, flawlessly smooth gravy that coats succulent, smoky pieces of chicken. [8, 9]",
chicken_tikka_masala,Chicken Tikka Masala,Chicken Tikka Masala,True,3390,28800,7,"A culinary phenomenon, distinct from Butter Chicken in its robust and heavily spiced profile. The gravy is built upon sautéed onions, resulting in a more complex and savory sauce. The chicken must have a distinct smoky char. [15]","A globally famous dish widely considered an Anglo-Indian invention from the UK, this creamy, tomato-based curry was created to adapt the authentic tandoori chicken tikka for the Western palate."
tandoori_chicken,Tandoori Chicken,Tandoori Chicken,True,3720,23400,7,"A foundational dish of Punjabi cuisine, celebrated for its vibrant red hue and smoky aroma. Its authenticity hinges on a two-part marination process and high-temperature cooking to achieve a flavorful crust and succulent interior. [16]",
rogan_josh,Rogan Josh,Rogan Josh,True,9120,1800,8,"The signature of Kashmiri cuisine, this aromatic curry's iconic red color comes from the dried cockscomb flower, mawal, not from intense chili heat. The Wazwan style presented here uses a paste of fried shallots (praan). [17]","A signature dish of Kashmiri cuisine, Rogan Josh is a masterful Indian adaptation of a Persian recipe, transformed by the unique fragrance of local spices and the vibrant, deep-red color of dried Kashmiri chilies."
mutton_korma,Mutton Korma,Korma,True,10080,28800,5,"A quintessential dish from Mughlai royal kitchens, characterized by meat slow-cooked in a rich, creamy gravy. Its soul comes from birista—onions painstakingly deep-fried to a crisp, golden-brown perfection. The foundational technique is the 'bhunai', a patient, deliberate process of slow-roasting the marinated meat. [5, 24]","With roots in Central Asian and Persian cooking, this rich, yogurt-based curry was refined by Mughlai chefs to become a cornerstone of North Indian celebratory meals."
nihari,Nihari,Nihari,True,26340,1800,7,"A slow-cooked meat stew with Mughlai origins, traditionally served for breakfast. The dish consists of shank meat cooked for many hours, resulting in incredibly tender meat and a rich, aromatic, and slightly viscous gravy. [7, 25]","Originating as a slow-cooked breakfast stew for the Mughal army, Nihari was adopted and perfected by the chefs of Old Delhi and Lucknow to become a legendary and hearty delicacy."
paya,Paya,Paya,True,8400,0,6,"A traditional stew made by slow-cooking goat or lamb trotters for several hours. The long cooking process extracts gelatin and collagen from the bones, creating a nutritious and gelatinous broth celebrated for its health benefits. [26]","This nutritious stew made from trotters, with roots in Persian and Central Asian cuisine, was popularized across the subcontinent during the Mughal era as a rich, gelatinous comfort food."
keema_matar,Keema Matar,Keema Matar,True,1740,0,7,"A staple across the Indian subcontinent, appreciated for its versatility. This classic preparation combines minced meat with green peas in a hearty, savory, semi-dry dish. [32]",
laal_maas,Laal Maas,Laal Maas,True,7620,5400,7,"The legendary and fiery mutton curry from Rajasthan. It is defined by its bold, smoky flavor and a striking red color derived from the special Mathania chili. The authentic recipe uses no tomatoes. [34]",
chingri_malai_curry,Chingri Malai Curry,Chingri Malai Curry,True,1470,0,6,"A quintessential Bengali prawn curry, celebrated for its luxurious and creamy texture, which comes from rich coconut milk, not dairy. The flavor is a sophisticated balance of sweet prawns, coconut, ginger, and the characteristic pungency of mustard oil. [38]",
daab_chingri,Daab Chingri,Daab Chingri,True,3660,0,7,"A spectacular Bengali delicacy where prawns are cooked inside a tender green coconut (daab). The coconut acts as a natural pressure cooker, steaming the prawns and infusing them with an intensely aromatic and sweet coconut flavor. [39]",
kosha_mangsho,Kosha Mangsho,Kosha Mangsho,True,12240,18000,7,"The most iconic and revered mutton dish in Bengali cuisine. The term 'kosha' refers to the specific technique of slow-braising, where the meat is patiently cooked in its own juices until the gravy is reduced to a thick, dark, and intensely flavorful masala. No extra water is added during the slow-cooking process. [6, 42]",
shorshe_ilish,Shorshe Ilish,Shorshe Ilish,True,1380,1800,6,"A cultural emblem of Bengal, featuring prized Hilsa fish in a sharp, pungent mustard seed gravy. The art lies in preparing the mustard paste to be pungent without turning bitter. [46]",
chettinad_chicken,Chettinad Chicken,Chettinad Chicken,True,2400,3600,6,"Hailing from Tamil Nadu, this dish is renowned for its aromatic and complex flavor, using a unique blend of freshly roasted spices like star anise and stone flower (kalpasi). The gravy is robust, with a base of shallots, tomatoes, and coconut. [52]",
chicken_65,Chicken 65,Chicken 65,True,1860,1200,6,"A popular spicy, deep-fried chicken dish. The modern restaurant style involves a two-step process: chicken is marinated and fried until crisp, then tossed in a tangy tempering of yogurt, curry leaves, and green chilies. [53]",
haleem,Haleem,Haleem,True,10140,28800,7,"A thick, savory porridge-like stew, staple during Ramadan in Hyderabad. It is a laborious dish made from slow-cooked meat, wheat, barley, and lentils until they meld into a smooth paste. [56]","This slow-cooked porridge of wheat, lentils, and meat, with origins in the Middle East, was perfected in Hyderabad to become a culturally significant and protein-rich meal, especially during Ramadan."
jalfrezi,Jalfrezi,Jalfrezi,True,1680,1200,6,"A stir-fried curry with Anglo-Indian roots. Unlike simmered curries, Jalfrezi is defined by its high-heat cooking method, stir-frying meat with crunchy vegetables like bell peppers and onions in a thick, tangy, and spicy tomato-based sauce. [58]","Originating in the kitchens of the British Raj as a clever way to use up leftovers, this stir-fry curry was born from fusing Indian spices with Chinese-style cooking techniques."
meen_moilee,Meen Moilee,Meen Moilee,True,2460,900,6,"A delicate and fragrant fish stew from Kerala, characterized by its light, creamy, and subtly spiced gravy made from coconut milk. It is crucial to keep the heat low after adding coconut milk to prevent it from curdling. [59]",
sorpotel,Sorpotel,Sorpotel,True,6300,187200,7,"A rich, spicy, and tangy pork stew that is a cornerstone of Goan Catholic cuisine. Made with diced pork meat and liver, it's a labor-intensive dish famous for tasting better a few days after it is made, allowing the flavors to mature. [63]",
kerala_beef_fry,Kerala Beef Fry,Beef Ularthiyathu,True,4320,0,5,"A classic Kerala dish where beef is slow-roasted in spices until dark brown and incredibly tender. The dish is characterized by coconut oil, curry leaves, and small pieces of fried coconut (thenga kothu) which add delightful texture. [66, 67]",
mutton_dhansak,Mutton Dhansak,Dhansak,True,5100,1800,6,"The soul food of the Parsi community, a unique and complex stew of mutton, a blend of four different lentils, and vegetables. Its flavor is a signature Parsi trifecta of sweet, sour, and spicy from a special dhansak masala. [70]",
aloo_gobi,Potato and Cauliflower Stir-fry,Aloo Gobi,False,2220,900,6,"A quintessential North Indian comfort food, a staple sabzi (dry vegetable dish) found in homes and restaurants alike. Its beauty lies in its simplicity, yet achieving the perfect texture—tender vegetables that are distinct and lightly browned, not a homogenous mush—requires a specific technique. [21, 22]",
chole_masala,Spiced Chickpea Curry,Chole Masala,False,2220,29880,6,"A titan of Punjabi cuisine, distinguished by its dark, rich color and complex flavor from a freshly ground spice blend. The authentic dark hue comes from using dried amla or a tea bag while boiling the chickpeas, a secret to the street-style flavor. [5]",
dum_aloo,Slow-Cooked Potatoes in Gravy,Dum Aloo,False,2100,0,6,"A celebrated potato curry where 'Dum' refers to slow-cooking in a sealed pot. This recipe details the rich, creamy Punjabi restaurant-style version. The key to the luscious gravy is a smooth paste of boiled onions, tomatoes, and cashews. [28, 30]",
kadai_paneer,Paneer in a Wok-Tossed Gravy,Kadai Paneer,False,1740,0,6,"A vibrant dish named after the 'kadai' (Indian wok). Its defining features are a freshly ground, coarsely textured spice blend (Kadai Masala) and crunchy chunks of bell pepper and onion. [20]",
malai_kofta,Creamy Dumplings in Gravy,Malai Kofta,False,4260,0,6,"The epitome of celebratory North Indian cuisine, featuring melt-in-the-mouth dumplings (koftas) of paneer and potato in a luscious, creamy gravy. The secret to a perfect experience is to add the fried koftas to the gravy only just before serving to preserve their texture. [29]",
palak_paneer,Spinach with Cottage Cheese,Palak Paneer,False,1860,0,6,"A popular and wholesome dish celebrated for its creamy texture and vibrant green color. The secret to a fresh, non-dull color is to blanch the spinach in hot water for exactly one minute and then immediately 'shock' it in an ice bath before pureeing. [34]",
rajma,Kidney Bean Curry,Rajma,False,3720,43200,6,A cherished North Indian comfort food. Achieving the perfect creamy texture requires overnight soaking of the beans and a slow simmering of the final curry to allow the beans to absorb the rich flavors of the onion-tomato masala. [25],
sarson_ka_saag_makki_di_roti,Mustard Greens Curry & Cornmeal Flatbread,Sarson ka Saag & Makki di Roti,False,12000,900,6,"A celebrated pairing from Punjab that embodies the winter harvest. The saag is a slow-cooked, creamy puree of mustard greens, spinach, and bathua, thickened with maize flour. The roti is a rustic, golden flatbread made from maize flour, traditionally patted out by hand. [36, 39]",
gatte_ki_sabzi,Gram Flour Dumplings in Yogurt Gravy,Gatte ki Sabzi,False,3120,0,6,"An ingenious dish from Rajasthan featuring savory, steamed gram flour (besan) dumplings simmered in a tangy yogurt gravy. The starchy water used to boil the dumplings is the secret to a flavorful and perfectly thickened gravy. [11]",
undhiyu,Gujarati Mixed Winter Vegetable Casserole,Undhiyu,False,5100,0,6,"The crowning glory of Gujarati winter cuisine, a complex one-pot casserole of winter vegetables like Surti Papdi and purple yam, stuffed with a green masala and accompanied by fried fenugreek dumplings (methi muthia). The name 'undhu' means 'upside down', from the traditional method of cooking it in sealed pots buried underground. [46, 47]",
papaya_khar,Assamese Raw Papaya with Alkali,Papaya Khar,False,2220,0,5,"A signature dish of Assamese cuisine, traditionally served as the first course to cleanse the palate. It is a minimalistic, soupy preparation where raw papaya is cooked with 'khar' (an alkaline liquid), which tenderizes the vegetable and imparts a unique flavor. [15, 14]",
avial,Mixed Vegetables in Coconut-Yogurt Sauce,Avial,False,2340,300,6,"A quintessential dish from Kerala, this is a healthy medley of vegetables cooked in a thick sauce of ground coconut and yogurt. It is characterized by the vegetables being cut into 2-inch batons and finished with raw coconut oil and fresh curry leaves. [63]",
bhindi_masala,Spiced Okra,Bhindi Masala,False,1440,0,5,"A universally loved okra dish. The secret to a perfect, non-slimy Bhindi Masala is to ensure the okra is completely dry before chopping and to pan-fry it separately until the sliminess disappears before adding it to the masala. [3]",
spicy_green_chutney,Spicy Green Chutney,Hari Chutney,False,600,0,3,The cold temperature from ice cubes or chilled water is essential for preserving the vibrant green color of the herbs by preventing oxidation caused by the heat from the blender's blades. [2],
tamarind_chutney,Sweet & Tangy Tamarind Chutney,Meethi Chutney,False,1500,1800,4,This is the indispensable sweet and sour element that balances the spice and tang in nearly all chaat dishes. It has an excellent shelf life.,
dry_garlic_chutney,Dry Garlic-Coconut Chutney,Sukha Lasun Chutney,False,780,300,3,"It is crucial not to grind continuously, as the oils from the coconut and peanuts will be released, turning it into a paste. The goal is a coarse, dry powder. [7]",
wet_garlic_chutney,Wet Red Chili-Garlic Chutney,Lal Mirch Lasun Chutney,False,360,1800,3,This chutney is extremely potent and should be used sparingly.,
aloo_tikki_chaat,Crispy Potato Patty Chaat,Aloo Tikki Chaat,False,2760,14400,5,"The difference between a stellar Aloo Tikki and a disappointing one often comes down to managing moisture. Using cold, refrigerated boiled potatoes is the most critical step for achieving crispiness. [2]",
bhel_puri,Mumbai Puffed Rice Salad,Bhel Puri,False,540,0,5,Bhel Puri must be assembled moments before consumption to prevent the puffed rice from becoming soggy. The key is to have all components prepped and ready for rapid assembly. [5],
chole_bhature,Spicy Chickpea Curry with Fried Bread,Chole Bhature,False,4560,7200,6,"The signature dark color of authentic Punjabi Chole is achieved by adding a black tea bag or dried amla (Indian gooseberry) while boiling the chickpeas, which also adds a subtle tangy flavor. [23]",
dahi_vada,Soft Lentil Fritters in Yogurt,Dahi Vada,False,2100,9000,7,"Vigorously beating the ground lentil batter is crucial for light, fluffy vadas. Soaking the hot, fried vadas in warm water is a non-negotiable step to make them soft and remove excess oil. [26, 28]",
misal_pav,Sprouted Bean Curry with Bread,Misal Pav,False,3180,0,5,"The authentic Maharashtrian flavor comes from a special Goda Masala or Misal Masala, which is different from standard garam masala. The dish is defined by its two parts: a thick sprout curry (usal) and a thin, fiery gravy (kat). [35]",
veg_momos,Vegetable Steamed Dumplings,Veg Momos,False,2100,2700,5,A common pitfall for vegetarian momos is a watery filling. Salting the chopped cabbage and squeezing out the excess water is a crucial step to prevent a soggy result. [42],
chicken_momos,Chicken Steamed Dumplings,Chicken Momos,True,2280,1800,4,"The key to a succulent filling is using raw minced chicken and including a small amount of fat (oil or butter), which renders during steaming and creates a juicy, flavorful interior. [41]",
mixed_veg_pakora,Mixed Vegetable Fritters,Pakora,False,1140,600,4,"The secret to crispy, non-greasy pakoras is a thick batter. Salt the vegetables first to draw out their moisture, which then hydrates the flour, minimizing the need for extra water. [52]",
golgappa,Crispy Spheres with Spicy Water,Golgappa,False,2040,1800,5,"The key to perfectly crisp and puffed puris (golgappe) is a firm, elastic dough that is rolled very thin, and frying at a consistent medium-high temperature. [63, 64]",
pav_bhaji,Spicy Vegetable Mash with Soft Bread,Pav Bhaji,False,3120,0,6,"The ideal texture is achieved by mashing the vegetables directly in the pan with the masala base, not by using a blender, which can make the bhaji gluey. The generous use of butter is non-negotiable for the authentic taste. [73, 70]",
kanda_poha,Maharashtrian Onion Poha,Kanda Poha,False,840,900,5,"The secret to fluffy poha is rinsing the flakes in a sieve under running water, not soaking them in a bowl, which makes them mushy. [81]",
indori_poha,Indore-Style Steamed Poha,Indori Poha,False,900,900,4,"The authentic Indori Poha is steamed, not sautéed, resulting in a softer, fluffier texture. The flavor comes from the elaborate garnishes, especially the unique Jeeravan masala. [82]",
samosa,Spicy Potato Stuffed Pastry,Samosa,False,2400,2400,5,"The most critical step for a perfect, blister-free, crispy crust is the low-heat frying method. Starting the samosas in moderately hot oil and frying them slowly is the secret to a bakery-style finish. [92]","Evolving from the meat-filled Middle Eastern sambusak, the samosa was completely reimagined in India with its iconic spiced potato filling to become the nation's most beloved savory snack."
vada_pav,Mumbai's Potato Fritter Burger,Vada Pav,False,2580,0,5,"The authentic street-style dry garlic chutney is made using the crispy fried droplets of leftover batter (chura), which gives it an intense savory flavor and crunch. [102]",
khaman_dhokla,"The Spongy, Steamed Wonder of Gujarat",Khaman Dhokla,False,600,2100,4,"Made with a base of besan (gram flour), it is celebrated for its incredibly soft, spongy, and porous texture, which eagerly soaks up a sweet and tangy tempering. [1] Its success is not a matter of chance but a direct result of a well-aerated batter and a precise, uninterrupted steaming process.",
gobi_manchurian,The Indo-Chinese Sensation,Gobi Manchurian,False,2520,0,7,"Crispy, battered cauliflower florets are tossed in a glossy sauce that is simultaneously tangy, sweet, spicy, and deeply savory. The primary challenge is achieving a spectacular crunch in the cauliflower and, more importantly, preserving that crispness until the moment it is served. [6]","An icon of 'Indo-Chinese' cuisine, this dish was invented in Kolkata by Chinese chefs who adapted their saucy, stir-frying techniques to Indian tastes, creating a national sensation out of battered cauliflower."
khasta_kachori,Moong Dal Stuffed Flaky Pastry,Khasta Kachori,False,1200,3180,4,"The secret to the signature flaky, melt-in-the-mouth texture lies in the 'moyan' (fat rubbed into flour) and the slow, low-heat frying technique, which is essential for a brittle crust. [11, 12]",
raj_kachori,The King of Chaats,Raj Kachori,False,1500,2400,4,"A grand preparation where a large, crisp shell becomes the edible bowl for a lavish assortment of chaat fillings. The shell is engineered from sooji to be exceptionally crisp and sturdy. [13]",
khandvi,"The Delicate, Rolled Ribbons of Gujarat",Khandvi,False,1500,600,5,Its success hinges on two critical junctures: cooking the batter to the precise consistency and spreading it with speed and skill before it sets. [15],
rava_uttapam,The Savory South Indian Pancake,Rava Uttapam,False,600,1800,4,"The crucial resting period of 20-30 minutes allows the rava granules to absorb liquid and soften, ensuring the cooked uttapam is soft and not raw-tasting. [20]",
galouti_kebab,The Kebab that Melts in Your Mouth,Galouti Kebab,True,1800,7200,4,"Its signature texture is achieved through a two-pronged approach: mechanical grinding of the meat to a fine paste and enzymatic tenderization using raw papaya paste. To omit papaya would be to miss the entire point of the dish. [23, 24]","Descended from Turkish and Persian grilling traditions, kebabs were elevated into a culinary art form in the royal kitchens of Lucknow and Delhi, resulting in iconic Indian variations from skewered mince to melt-in-the-mouth patties."
shammi_kebab,"The Hearty, Lentil-Bound Patty",Shammi Kebab,True,2700,0,5,"The unique texture and taste are derived from its defining ingredient: chana dal (split Bengal gram), which is cooked along with the meat. The mixture must be cooked until completely dry before grinding. [27]","Descended from Turkish and Persian grilling traditions, kebabs were elevated into a culinary art form in the royal kitchens of Lucknow and Delhi, resulting in iconic Indian variations from skewered mince to melt-in-the-mouth patties."
lamb_seekh_kebab,Classic Lamb Seekh Kebab,Seekh Kebab,True,1920,7200,4,The primary technical challenge is ensuring the minced meat mixture adheres firmly to the skewer. Using mince with a significant fat content (20-25%) and controlling moisture are crucial. [30],"Descended from Turkish and Persian grilling traditions, kebabs were elevated into a culinary art form in the royal kitchens of Lucknow and Delhi, resulting in iconic Indian variations from skewered mince to melt-in-the-mouth patties."
veg_seekh_kebab,Vegetable Seekh Kebab,Veg Seekh Kebab,False,3000,0,3,A delicious vegetarian alternative that uses a medley of vegetables and binders like roasted besan and breadcrumbs to mimic the texture. [29],
chicken_tikka,The Icon of the Tandoor,Chicken Tikka,True,2100,30600,4,"The secret to its juicy, flavorful character lies in a methodical, two-stage marination process, designed to both tenderize and protect, ensuring succulence under the intense heat of the grill. [36, 37]",
gajar_ka_halwa,Carrot Pudding,Gajar ka Halwa,False,3360,0,4,"The quintessential North Indian winter dessert, traditionally made with seasonal red 'Delhi gajar' for their vibrant color and juiciness. The final touch of sautéing the halwa in ghee at the end is a professional trick that imparts a rich gloss and wonderful aroma. [28]",
gujiya,Sweet Fried Dumplings,Gujiya,False,3600,2400,4,"The undisputed star of the Holi festival. The secret to a perfect, crisp, and blister-free crust is a stiff dough with sufficient fat (moyan) and, most importantly, patient frying on consistently low heat. [3, 4]",
jalebi,Fermented Sweet Spirals,Jalebi,False,2820,86400,4,"The traditional method involves fermenting a flour-based batter, which lends a characteristic slight sourness that balances the sweetness of the syrup. Success hinges on a medium-consistency batter and a one-string consistency sugar syrup. [11]","With roots in the Persian sweet zalibiya, the jalebi was adopted across India, celebrated for its unique tangled shape created by deep-frying a fermented batter which is then soaked in sugar syrup."
gulab_jamun,Fried Milk-Solid Dumplings in Syrup,Gulab Jamun,False,2400,9900,5,A perfect Gulab Jamun is uniformly cooked and soaks up syrup to become melt-in-the-mouth. A hard center is a classic sign of frying at too high a temperature; the key is slow and patient frying on a consistently low flame. [1],"Believed to be derived from a Persian fritter, this beloved dessert was created in India by deep-frying milk solids (khoya) and soaking the spongy spheres in an aromatic, rose-flavored syrup."
rasgulla,Spongy Cheese Balls in Syrup,Rasgulla,False,2280,4500,5,"A masterpiece of Bengali technique. Success depends on the quality of milk, the moisture of the chenna, and precise cooking. Do not open the lid during the initial high-heat cooking phase, as the drop in pressure can cause them to flatten. [5]",
rasmalai,Cheese Discs in Sweetened Milk,Rasmalai,False,3900,18900,5,"A sophisticated dessert where spongy chenna patties are soaked in a luxurious, saffron-infused milk (rabri). The long soaking time is crucial for the discs to absorb the flavored milk completely. [8]",
puran_poli,Sweet Lentil Stuffed Flatbread,Puran Poli,False,6000,2400,5,"A beloved Maharashtrian sweet flatbread. The most common problem is the poli tearing while rolling, which can be avoided by ensuring the puran filling is mashed until perfectly smooth and the dough is very soft and well-rested. [16, 38]",
shahi_tukra,Royal Bread Pudding,Shahi Tukra,False,3600,0,4,"A decadent bread pudding from Mughlai cuisine. The most common pitfall is soggy bread; to avoid this, fry the bread until truly crisp and dip it only briefly in the sugar syrup. [12, 15]","This decadent bread pudding, whose name means 'royal piece,' was introduced from Central Asia and transformed by Mughal chefs who used fried bread, thickened milk (rabri), and aromatic syrup."
phirni,Ground Rice Pudding,Phirni,False,2400,16200,5,"A classic creamy pudding where rice is ground to a coarse paste before being cooked in milk. The key to avoiding lumps is to make a smooth slurry of the rice powder with cold milk before adding it to the simmering pot. It is traditionally served chilled in earthenware bowls. [20, 41]",
sandesh,Delicate Fresh Cheese Fudge,Sandesh,False,1020,2700,4,"A classic Bengali sweet that epitomizes elegance. The most common failure is overcooking the chenna-sugar mixture, which makes it grainy and crumbly. The cooking time is extremely brief, only 4-5 minutes on a low flame. [6]",
petha,Candied Ash Gourd,Petha,False,1800,388800,5,"An iconic translucent sweet from Agra, this is a multi-day process that transforms ash gourd into a candy. The initial 24-hour soak in slaked lime (chuna) water is a non-negotiable chemical step that gives the petha its firm, crystalline texture. [13, 14]",
rabri,Thickened Sweet Cream,Rabri,False,4500,0,4,"A classic North Indian sweet made by patiently simmering full-fat milk until it reduces, while collecting the layers of cream (malai) on the sides of the pan. These layers are scraped back in at the end, creating a unique layered, grainy texture. [19]",
malpua,Syrup-Soaked Pancakes,Malpua,False,1800,1800,4,"A traditional sweet pancake fried in ghee until the edges are crisp and the center is soft, then soaked in sugar syrup. Often served with Rabri for a delightful contrast of textures. [10]",
kulfi,Traditional Indian Ice Cream,Kulfi,False,3900,30600,4,"Unlike churned ice cream, Kulfi is a dense, rich, and creamy frozen dessert made by slow-cooking and reducing full-fat milk for hours until thick and caramelized. An effective modern shortcut uses a blend of evaporated milk, condensed milk, and heavy cream. [21, 51, 53]","This dense, un-churned frozen dessert was introduced during the Mughal era, who adapted Persian ice-making techniques to create a uniquely Indian treat by slowly simmering and freezing sweetened, flavored milk."
imarti,Urad Dal Funnel Cakes,Imarti,False,6840,7200,6,"Made from a ground urad dal batter, Imarti has a texture that is softer and denser than Jalebi. Achieving a light, fluffy batter requires a long grinding time and vigorous beating. [54, 55]",
kaju_katli,Cashew Fudge,Kaju Katli,False,1200,3600,6,"A prized sweet made from cashews and sugar. Success hinges on grinding the cashews into a fine powder without releasing their oil (by using short pulses) and cooking the mixture for the exact right amount of time to avoid a hard or sticky result. [18, 57]",
sweet_lassi,Classic Sweet Lassi,Meethi Lassi,False,360,0,5,"This recipe creates a classic sweet lassi, balancing the tang of the yogurt with sweetness and delicate aromatics. The quality of the fresh, full-fat yogurt is critical. [2]",
salted_lassi,Savory Salted Lassi,Namkeen Lassi,False,300,0,4,"A superb digestive and a perfect counterpoint to a rich, spicy meal. Black salt is essential for the characteristic pungent flavor. [2]",
mango_lassi,Mango Lassi,Mango Lassi,False,225,0,4,"The most popular fruit variation, this is a thick, creamy, and indulgent drink. The quality of the mango is paramount for the best flavor. [1]",
masala_chai,Foundational Masala Chai,Kadak Chai,False,660,0,5,"This recipe follows the traditional, high-extraction method to produce a kadak (strong) and robust chai. Repeating the boiling and simmering process 2-3 times is the critical step to develop the deep, rich flavor. [13]",
kashmiri_kahwah,Authentic Kashmiri Kahwah,Kahwah,False,300,40,4,"An aromatic, warming brew from Kashmir. The most critical step is steeping the delicate green tea leaves off-heat for only 30-40 seconds to prevent bitterness. [19]",
vegetable_raita,Master Vegetable Raita,Vegetable Raita,False,540,1800,4,An essential cooling counterpoint to spicy main courses. Prepare vegetables just before mixing to ensure a crisp texture and prevent the raita from becoming watery. [26],
axone_chutney,Axone Chutney,Axone Chutney,False,600,0,3,"One of the simplest and most direct ways to experience the intensely pungent, deeply savory, and exceptionally umami-rich flavor of Axone (fermented soybeans). [31]",
bamboo_shoot_stir_fry,Northeast Indian Bamboo Shoot Stir-Fry,Bamboo Shoot Stir-Fry,False,1140,0,4,A simple stir-fry that highlights the texture of bamboo shoots. Fresh bamboo shoots must be properly detoxified by boiling or soaking before use. [37],
gundruk_soup,Gundruk Soup,Gundruk ko Jhol,False,1560,900,5,"The most quintessential dish made from Gundruk (fermented greens). It is a thin, soupy curry with a powerful tangy flavor, often fortified with potatoes or soybeans. [30]",
